H1,Hoang Viet,30-12-2000,xyzStudio.edu
H2,Khanh Tuyen Nguyen,01-02-2002,d1234543@edu.vn
H3,Minh Duc Tran,10-10-1995,minhduc1995@gmail.com
H4,Phuong Anh Le,12-07-1999,phuonganh99@edu.vn
H5,Tuan Minh Nguyen,03-04-1990,tuanminh90@gmail.com
H6,Thu Trang Bui,25-12-1996,thutrang96@yahoo.com
H7,Anh Quoc Pham,14-02-2001,phamanhquoc2001@gmail.com
H8,Thuy Tien Vu,09-09-1998,thuytien98@hotmail.com
H9,Van Khoa Tran,16-06-1997,vankhoa97@edu.vn
H10,Hoai Nam Hoang,08-08-1992,hoainam92@gmail.com
H11,Duc Tai Nguyen,05-05-1994,ductai94@edu.vn
H12,Ngoc Lan Pham,19-03-2000,ngoclan2000@gmail.com
H13,Duy Khang Do,01-01-1991,duykhang91@yahoo.com
H14,Hoang Long Le,24-11-1993,hoanglong93@edu.vn
H15,Thanh Hoa Nguyen,18-10-1996,thanhhoa96@gmail.com
H19,Viet Hoang,12-04-2001,no infor
H20,Hoang Viet,16-12-2004,no infor
H18,Hang,02-02-2000,no infor
