1,Hoang Viet,23-06-0006,xyzStudio.edu
2,Khanh Tuyen Nguyen,01-02-2002,d1234543@edu.vn
3,Minh Duc Tran,10-10-1995,minhduc1995@gmail.com
4,Phuong Anh Le,12-07-1999,phuonganh99@edu.vn
5,Tuan Minh Nguyen,03-04-1990,tuanminh90@gmail.com
6,Thu Trang Bui,25-12-1996,thutrang96@yahoo.com
7,Anh Quoc Pham,14-02-2001,phamanhquoc2001@gmail.com
8,Thuy Tien Vu,09-09-1998,thuytien98@hotmail.com
9,Van Khoa Tran,16-06-1997,vankhoa97@edu.vn
10,Hoai Nam Hoang,08-08-1992,hoainam92@gmail.com
11,Duc Tai Nguyen,05-05-1994,ductai94@edu.vn
12,Ngoc Lan Pham,19-03-2000,ngoclan2000@gmail.com
13,Duy Khang Do,01-01-1991,duykhang91@yahoo.com
14,Hoang Long Le,24-11-1993,hoanglong93@edu.vn
15,Thanh Hoa Nguyen,18-10-1996,thanhhoa96@gmail.com
18,Hang,02-02-2000,no infor
19,Viet Hoang,12-04-2001,no infor
20,Hoang Viet,16-12-2004,no infor
