O1,Hoang,13-06-0028,1223563
O2,Tony,11-11-2000,facebook/123212/profile.com
O3,Linda,02-02-1998,twitter/linda98/profile.com
O4,David,15-09-1995,linkedin/david95/profile.com
O5,Susan,23-07-2003,instagram/susan03/profile.com
O6,Mark,19-03-1997,github/mark97/profile.com
O7,Anna,25-12-2001,facebook/anna01/profile.com
O8,Peter,05-06-1999,twitter/peter99/profile.com
O9,Emily,30-10-2002,linkedin/emily02/profile.com
O10,John,17-08-1996,instagram/john96/profile.com
O11,Sophia,21-04-1994,github/sophia94/profile.com
O12,Chris,14-01-1993,facebook/chris93/profile.com
O13,Lily,08-05-2000,twitter/lily00/profile.com
O14,James,12-12-1991,linkedin/james91/profile.com
O15,Nancy,01-03-1990,instagram/nancy90/profile.com
O20,Hoang Viet,12-02-2000,no infor
O18,Hoang Van,12-12-2000,no infor
